ramp_to_ramp,origin,dest
124,LGB,DEN
144,DEN,SFO
162,SFO,DEN
120,DSM,APA
91,DEN,DIK
200,DEN,ISN
91,DIK,DEN
131,EGE,STL
143,STL,EGE
206,USA,EGE
178,ATL,DEN
181,DEN,GSP
132,COS,VCV
96,LAS,COS
122,ASE,BUR
234,BUR,EGE
233,EGE,BUR
54,SLC,ASE
164,DEN,PHX
260,PHL,DEN
169,ATL,COS
212,ATL,DEN
174,ATL,DEN
166,COS,ATL
91,COS,DFW
83,CPR,DEN
153,DEN,ATL
173,DEN,ATL
167,DEN,ATL
142,DEN,CVG
158,DEN,DTW
152,DEN,FSD
118,DEN,LAS
142,DEN,SAN
92,DEN,SLC
178,DTW,DEN
142,MSP,DEN
115,OKC,DEN
280,SFO,DEN
84,SLC,DEN
275,BDL,DEN
160,COS,YIP
150,OAK,COS
48,BFF,DEN
168,DEN,CLE
218,DEN,JAN
144,DEN,LAX
298,DEN,MIA
249,DEN,RIC
86,MKC,DEN
206,DEN,SFO
83,COS,DEN
96,CYS,DEN
40,CYS,DEN
162,DAL,COS
230,DEN,BUF
167,DEN,CRP
212,DEN,ECP
170,DEN,GPT
225,DEN,GSP
129,DEN,LBB
128,DEN,LIT
162,SJC,COS
34,COS,DEN
144,APA,AUS
150,APA,ORD
144,APA,SJC
120,AUS,APA
174,CMH,APA
144,SGR,ASE
120,DEN,LAS
195,AZA,DEN
162,BRO,DEN
155,DEN,OAK
157,DEN,PTK
266,DEN,SLC
58,ENV,GJT
67,GJT,ENV
210,ROC,DEN
92,TUL,DEN
145,DEN,OAK
140,DPA,DEN
129,DEN,MKE
124,RNO,DEN
473,DEN,IFP
124,FNL,IFP
213,IFP,DEN
208,IFP,FNL
209,IFP,MTJ
191,IFP,PUB
207,MTJ,IFP
211,PUB,IFP
170,GAD,PUB
175,PUB,OAK
3922,CVG,DEN
3620,DEN,CVG
48,COS,DEN
180,SEA,COS
55,BFF,DEN
136,DEN,OKC
32,APA,DEN
2622,BFF,DEN
1692,DDC,DEN
2489,DEN,BFF
1912,DEN,DDC
224,DEN,DEN
4620,DEN,EAR
3481,DEN,LBF
1605,DEN,LBL
5338,EAR,DEN
3700,LBF,DEN
100,LBL,APA
1830,LBL,DEN
117,DEN,PGA
79,PUB,FMN
100,DEN,DEN
60,BFF,DEN
86,DEN,ATY
106,DEN,ISN
298,ISN,DEN
78,GJT,LAS
84,LAS,GJT
42,COS,DEN
97,COS,DFW
117,COS,ICT
255,DEN,BOS
144,DEN,LAX
150,DEN,LIT
255,MCO,DEN
157,ORD,COS
219,RDU,DEN
159,SFO,DEN
87,SLC,COS
166,DEN,LAX
126,DEN,MSP
219,DEN,MSP
78,DEN,SLC
176,DTW,DEN
131,MSP,DEN
112,MSP,DEN
110,DEN,TUL
153,GRR,DEN
91,COD,DEN
143,COS,LIT
137,COS,MSO
104,COS,TUS
56,CPR,DEN
218,DCA,COS
78,DEN,ABQ
210,DEN,ATL
151,DEN,AUS
109,DEN,CID
89,DEN,COD
64,DEN,CPR
122,DEN,DFW
169,DEN,GRR
133,DEN,IAH
134,DEN,JAC
125,DEN,LIT
148,DEN,MFR
81,DEN,OMA
139,DEN,ORD
158,DEN,RDM
135,DEN,SAN
162,DEN,SDF
180,DEN,SFO
233,DEN,SFO
145,DEN,SNA
106,DEN,SUN
131,DFW,COS
109,GJT,LAX
160,IAH,DEN
89,JAC,DEN
74,LAR,DEN
139,LAX,DEN
129,LIT,DEN
141,MFR,DEN
123,MSO,COS
200,ORD,DEN
148,PDX,DEN
129,PSC,GJT
153,SAN,DEN
136,SAT,DEN
178,SGU,COS
141,SMF,DEN
129,SNA,DEN
66,ABQ,DEN
240,BDL,DEN
258,BOS,DEN
107,BZN,DEN
66,DEN,ABQ
94,DEN,BIL
215,DEN,BOS
89,DEN,BZN
172,DEN,CVG
152,DEN,DTW
215,DEN,FLL
199,DEN,IAD
140,DEN,IAH
108,DEN,LAS
88,DEN,MCI
208,DEN,MCO
123,DEN,ORD
198,DEN,PHL
120,DEN,PSP
194,DEN,RIC
128,DEN,RNO
85,DEN,SLC
136,DEN,STL
115,DEN,STL
82,DEN,TUL
216,IAD,DEN
141,IAH,DEN
137,IAH,DEN
101,MCI,DEN
223,MCO,DEN
123,PSP,DEN
123,PSP,DEN
230,RIC,DEN
134,RNO,DEN
124,SAT,DEN
141,SBA,DEN
149,SFO,DEN
272,SFO,DEN
132,SNA,DEN
134,STL,DEN
148,STL,DEN
99,TUL,DEN
292,CHS,DEN
176,CLE,DEN
65,DEN,ABQ
110,DEN,BOI
155,DEN,DTW
145,DEN,GRR
119,DEN,MKE
153,DEN,PDX
201,DEN,PHL
149,DEN,RNO
218,DEN,RSW
89,DEN,TUL
172,DTW,DEN
153,GRR,DEN
153,MSY,DEN
205,PIT,DEN
121,RNO,DEN
228,RSW,DEN
133,SMF,DEN
182,ATL,DEN
43,COS,DEN
164,DEN,CLE
50,DEN,COS
98,DEN,DSM
98,DEN,ICT
89,DEN,OMA
89,DEN,SLC
90,ICT,DEN
177,SDF,DEN
100,TUL,DEN
162,CVG,DEN
161,DEN,CMH
153,DEN,DTW
183,DEN,IAH
153,DEN,IND
213,DEN,MCO
228,DEN,MCO
119,DEN,MSO
134,DEN,ORD
131,DEN,ORD
113,DEN,PHX
115,DEN,STL
139,DEN,TYS
193,DTW,DEN
220,IAD,DEN
152,IAH,DEN
163,IND,DEN
214,MCO,DEN
112,MSO,DEN
179,ORD,DEN
112,PHX,DEN
152,STL,DEN
210,TPA,DEN
172,TYS,DEN
191,DEN,DFW
136,DEN,IND
216,DEN,MCI
176,DEN,MSY
95,DEN,SLC
108,DEN,TUS
60,GJT,SLC
147,IND,DEN
101,MCI,DEN
221,MEM,GJT
133,OAK,DEN
153,DEN,DTW
159,IAH,DEN
128,MTJ,LAW
72,DEN,DRO
62,DRO,DEN
157,GRR,DEN
113,DFW,MTJ
164,MTJ,DFW
535,DEN,SLN
617,SLN,DEN
144,COS,STL
50,DEN,COS
170,IAH,DEN
149,IAH,GUC
164,DEN,BFI
104,DEN,LAS
148,DEN,SDF
87,SLC,DEN
94,SLC,DEN
343,DEN,PDX
329,LAX,DEN
536,PHL,DEN
211,DEN,MSP
204,DEN,MSP
144,SLC,DEN
286,DEN,GRR
206,DSM,DEN
84,COS,DEN
78,DEN,COS
134,DEN,GJT
236,DEN,GTF
328,DEN,PDX
282,DEN,SAT
169,FAT,COS
112,GJT,ASE
130,GJT,DEN
242,GJT,DFW
204,GTF,DEN
440,ORD,GJT
308,SAN,DEN
223,XNA,DEN
416,ATL,DEN
326,CVG,DEN
471,DCA,DEN
338,DEN,ATL
491,DEN,BOS
371,DEN,DCA
271,DEN,GEG
139,DEN,ICT
368,DEN,RDU
276,DEN,SBA
426,DEN,TPA
217,DEN,TUS
271,EUG,DEN
536,EWR,DEN
238,GEG,DEN
322,GRR,DEN
177,ICT,DEN
214,LAS,DEN
422,TPA,DEN
208,TUS,DEN
214,BOI,DEN
135,DEN,ABQ
401,DEN,BWI
392,DEN,CHS
321,DEN,CMH
267,DEN,GEG
305,DEN,SDF
150,DEN,SLC
239,GEG,DEN
294,PDX,DEN
278,SAN,DEN
323,SEA,DEN
294,SJC,DEN
382,CMH,DEN
291,DEN,BHM
331,DEN,CMH
247,DEN,MSP
174,DEN,TUL
196,OKC,DEN
254,DEN,MSN
226,DEN,MSP
345,DEN,RDU
238,DEN,SAT
301,MSN,DEN
482,RDU,DEN
257,SAT,DEN
159,DEN,BIL
248,DEN,ELP
361,CVG,DEN
288,DEN,CVG
166,DEN,SLC
391,DFW,DEN
268,BZN,DEN
309,DEN,BZN
342,DEN,MSP
456,DEN,SDF
419,MLI,DEN
517,SDF,DEN
218,ABQ,DEN
215,AMA,DEN
325,BZN,DEN
219,DEN,AMA
301,DEN,BZN
508,DEN,CVG
444,DEN,DAY
406,DEN,GRR
234,DEN,LBB
168,DEN,MTJ
442,DEN,ONT
350,DEN,PHX
406,DEN,PSP
452,DEN,RDM
396,DEN,SAT
294,DEN,TUL
360,DSM,DEN
447,LAX,GJT
263,LBB,DEN
195,MTJ,DEN
403,ONT,DEN
329,PHX,DEN
191,RAP,DEN
387,BUR,DEN
680,BWI,DEN
627,CLT,DEN
528,DEN,ATL
653,DEN,EWR
278,DEN,MCI
366,DEN,PSP
276,OKC,DEN
454,ORD,DEN
355,PSP,DEN
658,RDU,DEN
236,ABQ,DEN
726,ALB,DEN
597,ATL,DEN
762,BDL,DEN
576,DEN,CHS
409,DEN,IND
415,DEN,LGB
275,DEN,MCI
296,DEN,MSY
431,DEN,MSY
258,DEN,OMA
407,DEN,ONT
574,DEN,ORF
382,DEN,SAT
517,DEN,SEA
432,DEN,SJC
457,DEN,SMF
318,DEN,TUS
513,IND,DEN
389,LGB,DEN
483,MSY,DEN
263,OMA,DEN
375,ONT,DEN
672,ORF,DEN
246,ABQ,DEN
524,BHM,DEN
578,CLE,DEN
226,DEN,ABQ
467,DEN,BNA
318,DEN,ELP
384,DEN,MEM
285,DEN,OKC
329,DEN,XNA
382,DFW,DEN
400,DSM,DEN
420,MEM,DEN
370,MSP,DEN
482,MSY,DEN
293,OMA,DEN
409,SAT,DEN
335,XNA,DEN
364,CID,DEN
343,DEN,CID
403,DEN,IND
527,IND,DEN
365,MSP,DEN
256,BIL,DEN
287,DEN,BIL
307,DEN,SGF
366,DEN,SHV
350,DEN,TUS
313,MCI,DEN
396,SHV,DEN
341,TUS,DEN
464,ORD,COS
376,ONT,DEN
512,GJT,LAX
452,LAX,GJT
427,DEN,DFW
494,DFW,DEN
294,ABQ,DEN
279,DEN,ABQ
489,DEN,DFW
518,DFW,DEN
619,DEN,GEG
530,DEN,MSO
465,DEN,MSP
424,DEN,SGF
427,DRO,LAX
539,GEG,DEN
420,LAX,DRO
458,MCI,DEN
449,MSO,DEN
548,MSP,DEN
409,OMA,DEN
488,SGF,DEN
724,ATL,DEN
365,BZN,DEN
508,CID,DEN
720,CMH,DEN
756,CMH,DEN
670,CVG,DEN
443,DEN,BOI
356,DEN,BZN
730,DEN,CLT
645,DEN,CMH
613,DEN,CMH
606,DEN,EUG
473,DEN,FCA
1766,DEN,LIH
620,DEN,MSN
597,DEN,MSY
837,DEN,PHL
772,DEN,PHL
541,DEN,RNO
593,DEN,SFO
715,DTW,DEN
474,FCA,DEN
1593,LIH,DEN
569,MSN,DEN
488,RNO,DEN
265,ABQ,DEN
841,CHS,DEN
479,DEN,AUS
784,DEN,ORF
577,DEN,SAN
473,DEN,SAT
570,DEN,SJC
581,MKE,DEN
470,MSP,DEN
936,ORF,DEN
501,SAT,DEN
339,SLC,DEN
426,TUS,DEN
593,DEN,IND
514,DEN,SAT
446,ELP,DEN
347,SLC,DEN
557,DEN,MKE
558,DEN,SNA
611,MKE,DEN
557,SNA,DEN
425,DEN,MSP
344,DEN,ICT
322,ICT,DEN
473,MTJ,ORD
680,ORD,MTJ
581,DEN,BUR
596,DEN,SDF
320,DEN,SLC
283,SLC,DEN
580,DEN,CID
751,DEN,IND
741,IND,DEN
486,BIL,DEN
928,DEN,ATL
438,DEN,BIL
919,DEN,CLE
322,DEN,DRO
615,DEN,FCA
428,DEN,ICT
539,DEN,MCI
723,DEN,MEM
502,DEN,MOT
339,DEN,OMA
791,DEN,SBA
350,DRO,DEN
513,MCI,DEN
741,MEM,DEN
534,PSP,DEN
348,SLC,DEN
540,BOI,DEN
1037,CLT,DEN
980,DEN,BWI
564,DEN,CID
929,DEN,CLT
786,DEN,CVG
1012,DEN,EWR
665,DEN,GEG
785,DEN,MFR
626,DEN,ONT
887,DEN,SJC
721,DEN,SMF
552,DEN,TUS
1298,FLL,DEN
611,GEG,DEN
497,MCI,DEN
502,OKC,DEN
626,ONT,DEN
707,PDX,DEN
755,SEA,DEN
717,SJC,DEN
551,TUS,DEN
830,BNA,DEN
689,DEN,LGB
530,DEN,MSP
578,DEN,STL
700,HOU,DEN
643,LGB,DEN
422,OKC,DEN
987,PIT,DEN
683,STL,DEN
655,STL,DEN
606,DEN,PHX
533,PHX,DEN
581,MSP,DEN
545,DEN,CID
199,CYS,DEN
202,DEN,CYS
807,DEN,MEM
834,MSP,DEN
994,MTJ,ORD
1074,ORD,MTJ
1229,ATL,DEN
1198,CLE,DEN
941,COS,LAX
1214,DEN,CLT
1014,DEN,MFR
1103,DEN,OTH
640,DSM,DEN
751,FCA,DEN
501,ICT,DEN
891,MEM,DEN
601,MOT,DEN
911,OTH,DEN
756,RDM,DEN
928,SBA,DEN
602,TUL,DEN
671,TUS,DEN
747,AUS,DEN
959,DEN,DTW
862,DEN,GRR
818,DEN,IND
540,DEN,MCI
813,DEN,MKE
896,DEN,MSY
1430,EWR,DEN
926,IND,DEN
962,IND,DEN
824,MFR,DEN
899,MKE,DEN
1495,PHL,DEN
1336,DEN,FLL
1378,DEN,JAX
533,DEN,MCI
911,DEN,OAK
505,DEN,OKC
1249,JAX,DEN
887,SFO,DEN
466,SLC,DEN
1112,ATL,DEN
872,DEN,ATL
808,DEN,DFW
514,DEN,OMA
916,DEN,SDF
290,COS,GJT
812,DEN,MEM
855,DEN,MEM
317,GJT,COS
875,MEM,DEN
538,DEN,FSD
582,GJT,LAS
552,LAS,GJT
1128,DEN,TYS
1227,TYS,DEN
927,AUS,DEN
1035,BFL,DEN
1612,CLT,DEN
383,DEN,GJT
1508,DEN,RIC
1775,RIC,DEN
564,BIL,DEN
783,BOI,DEN
915,BUR,DEN
599,DEN,BIL
733,DEN,BOI
967,DEN,BUR
666,DEN,DSM
1063,DEN,EUG
1062,DEN,EUG
903,DEN,MKE
623,DEN,OKC
1197,DEN,PIT
581,DEN,SLC
682,DSM,DEN
971,EUG,DEN
729,MCI,DEN
1085,MKE,DEN
1632,PHL,DEN
1340,PIT,DEN
653,TUL,DEN
896,AUS,DEN
1276,CLE,DEN
1470,DEN,EWR
1123,DEN,PNS
1267,DEN,RDU
1213,PNS,DEN
696,TUL,DEN
944,CID,DEN
387,DEN,HDN
633,FSD,DEN
1013,DEN,SDF
1132,SDF,DEN
856,DEN,PHX
826,PHX,DEN
1398,DEN,CLE
1431,CVG,DEN
769,DEN,TUS
757,OKC,DEN
999,AUS,DEN
957,DEN,AUS
1777,DEN,BDL
1366,DEN,DTW
1881,DEN,FLL
1696,DEN,LGA
922,DEN,MSN
882,DEN,MSP
1313,DEN,SEA
740,DEN,TUL
1155,EUG,DEN
1283,MSY,DEN
668,SLC,DEN
1097,DEN,GEG
1123,DEN,HOU
1178,DEN,LAX
703,DEN,OKC
899,DEN,PHX
1252,DEN,SFO
843,LAS,DEN
849,MCI,DEN
1721,RDU,DEN
1361,BNA,DEN
1351,COS,SFO
1137,SFO,COS
1240,DEN,OAK
508,DEN,GUC
476,GUC,DEN
456,HDN,DEN
918,AZA,COS
924,COS,AZA
1038,COS,LAS
1092,GJT,LAX
942,LAS,COS
1032,LAX,GJT
1086,BKG,DEN
930,DEN,BKG
1073,DEN,CID
1213,DEN,FCA
854,DEN,OKC
833,DEN,OKC
1155,FCA,DEN
551,GJT,DEN
1408,MFR,DEN
2143,BWI,DEN
1247,DEN,IND
1327,DEN,PDX
1583,DTW,DEN
1227,EUG,DEN
1371,IND,DEN
1267,MSN,DEN
1546,DEN,ATL
1846,DEN,BDL
1363,IND,DEN
1036,MSP,DEN
1224,SAT,DEN
1846,DEN,DCA
1422,SDF,DEN
2014,CMH,DEN
1535,DEN,BUR
1742,DEN,CMH
1249,DEN,TUS
1404,STL,DEN
2439,BDL,DEN
2046,DEN,BWI
948,DEN,DSM
892,DEN,FSD
1243,DEN,PSP
1057,DSM,DEN
2229,IAD,DEN
1608,MSY,DEN
1233,ONT,DEN
1203,PSP,DEN
1576,DEN,CLE
1066,DEN,LAS
1049,DEN,MSP
1534,DEN,SDF
912,OKC,DEN
1610,SDF,DEN
1475,SFO,DEN
1452,IAH,COS
2283,DCA,DEN
999,DEN,DSM
1057,DSM,DEN
2182,DEN,MEM
1438,MEM,DEN
1003,DEN,TUL
1056,TUL,DEN
73,DEN,TEX
66,TEX,DEN
946,CEZ,PHX
820,PHX,CEZ
2481,DEN,LGA
1065,OKC,DEN
2505,BWI,DEN
1764,DEN,EUG
2082,DEN,IAD
1497,DEN,MSY
955,DEN,OMA
1415,DEN,ONT
1605,DEN,SMF
1039,FSD,DEN
2060,DEN,IAD
1537,LAX,DEN
1096,MCI,DEN
1066,PHX,DEN
1572,COS,LAX
1429,LAX,COS
1742,DEN,GRR
2982,DEN,JFK
3498,JFK,DEN
1496,DEN,SAT
1709,SAT,DEN
2006,DEN,EUG
1429,DEN,MSP
2385,DEN,RDU
2000,DEN,SEA
1420,DFW,DEN
1829,MKE,DEN
1413,MSP,DEN
1574,SMF,DEN
1789,DEN,BNA
1101,FAT,GJT
1451,SGF,DEN
2238,CVG,DEN
1992,DEN,CVG
3306,LGA,DEN
1153,DEN,SLC
1758,MLI,DEN
1090,DEN,BIL
1386,DEN,DSM
1705,DEN,MKE
1092,DEN,OMA
1655,DEN,ONT
2637,DEN,TPA
2883,MCO,DEN
2935,RDU,DEN
1741,SAN,DEN
1276,BZN,DEN
1661,CID,DEN
1256,DEN,BZN
1402,DEN,CID
2557,DEN,GSO
2213,DEN,SEA
2797,GSO,DEN
2058,SEA,DEN
1833,OAK,DEN
1726,CID,DEN
1190,BIL,DEN
1698,DEN,AUS
1800,DEN,SAN
1563,DSM,DEN
1870,IAH,DEN
1327,OMA,DEN
1779,ONT,DEN
2003,SJC,DEN
1585,DAL,DEN
3355,FLL,DEN
2221,BNA,DEN
2095,DEN,BNA
2765,COS,SEA
2378,EUG,DEN
2578,SEA,COS
1074,ABQ,DEN
2661,DEN,PIT
1374,OMA,DEN
3004,PIT,DEN
1636,DSM,DEN
1838,DEN,MSN
2240,MSN,DEN
2070,DEN,MEM
1635,DEN,GTF
1521,DEN,XNA
1679,XNA,DEN
2946,COS,SEA
2358,SEA,COS
2875,DTW,DEN
2013,DEN,MLI
1167,DEN,ABQ
1647,LAS,DEN
4016,LGA,DEN
2417,SEA,DEN
2122,SMF,DEN
2420,MEM,DEN
2693,BNA,DEN
2405,DEN,BNA
1954,DEN,MSO
2738,DEN,TYS
1900,MSO,DEN
3071,TYS,DEN
1628,GJT,FAT
2418,GJT,MEM
2221,MEM,DEN
2295,MEM,DEN
2583,MEM,GJT
1653,GTF,DEN
2198,LIT,DEN
1409,CEZ,PHX
1345,PHX,CEZ
2016,DEN,MSP
3209,DTW,DEN
1722,TUL,DEN
1398,ABQ,DEN
1833,DEN,MCI
2416,DEN,PSP
1728,ELP,DEN
2161,PSP,DEN
3079,CMH,DEN
1203,DEN,ABQ
3311,DEN,CLE
2409,DEN,IND
1874,DEN,LAS
2315,MFR,DEN
2527,MSY,DEN
3356,PIT,DEN
2472,SJC,DEN
1975,DEN,DAL
2657,DEN,PDX
3045,DEN,SEA
2556,PDX,DEN
2668,SEA,DEN
1972,DEN,MLI
1822,DEN,ELP
3120,DEN,EUG
1985,DEN,XNA
2908,EUG,DEN
1572,ICT,DEN
1334,ABQ,DEN
3554,DEN,BWI
2874,DEN,CMH
2499,DEN,IAH
3226,DEN,PIT
2641,DEN,SJC
2688,DEN,SJC
1519,DEN,SLC
2003,DEN,STL
1395,SLC,DEN
4006,TPA,DEN
1912,DEN,LAS
1701,DEN,TUL
845,COS,DEN
732,DEN,COS
1958,DSM,DEN
1556,BIL,DEN
1514,DEN,BIL
2387,DEN,ONT
2152,ONT,DEN
2207,RFD,DEN
1474,DEN,ICT
2895,DEN,SDF
1387,RAP,DEN
4774,BDL,DEN
1884,BZN,DEN
1805,DEN,BZN
2954,DEN,MFR
2811,DEN,MSY
1966,DEN,PHX
2578,DEN,RNO
2286,DEN,SAT
2984,DEN,SFO
1701,FSD,DEN
2321,GEG,DEN
2375,RNO,DEN
2857,SFO,DEN
4254,TPA,DEN
1506,ABQ,DEN
1451,DEN,ABQ
3233,DEN,CLE
1693,DEN,SLC
2038,MCI,DEN
2766,COS,ORD
2010,AFW,DEN
1954,DEN,AFW
2805,MEM,DEN
4005,ATL,DEN
2315,DEN,MLI
2870,DEN,MSY
1421,ASE,SLC
3681,DAY,DEN
2030,DEN,MCI
2218,DEN,XNA
2552,DFW,DEN
2935,FAT,DEN
2190,PHX,DEN
2619,SAT,DEN
2523,AUS,DEN
4026,CLT,DEN
3650,DEN,CLT
1666,DEN,FSD
1706,DEN,FSD
2692,DEN,GEG
1870,DEN,MCI
1777,DEN,OKC
3481,DEN,PIT
2699,DEN,SAN
2400,DEN,SAT
1933,FSD,DEN
3262,DEN,CLE
1851,DEN,DSM
2196,DSM,DEN
3268,ORD,COS
2472,MSP,DEN
1546,DEN,ICT
2460,BOI,DEN
1596,DEN,ABQ
2662,DEN,STL
1324,SLC,ASE
3778,ATL,DEN
4590,DEN,FLL
2322,DEN,MSP
2682,DEN,ONT
3179,DEN,PDX
3424,DEN,SEA
3198,DEN,SJC
4348,DEN,TPA
3352,GRR,DEN
2117,MCI,DEN
2645,ONT,DEN
4983,PHL,DEN
4244,PIT,DEN
2884,STL,DEN
4615,TPA,DEN
4452,DEN,BDL
2693,DEN,RNO
2969,DEN,SDF
1652,DEN,SLC
2035,DEN,MCI
1532,ABQ,DRO
471,FMN,DRO
3331,DEN,CVG
1249,HDN,DEN
2598,SGF,DEN
3192,ASE,SFO
3308,AUS,DEN
2589,DVL,DEN
2846,LIT,DEN
1882,LNK,DEN
4775,DEN,BDL
1738,DEN,OMA
4319,DEN,RIC
3260,DEN,SBA
3425,DEN,SFO
5580,FLL,DEN
2679,MSP,DEN
3810,MSY,DEN
2148,OMA,DEN
3173,PDX,DEN
5111,RIC,DEN
2840,SAT,DEN
2991,SBA,DEN
4005,CLE,DEN
3486,DEN,CMH
4790,DEN,LGA
3749,DEN,CMH
2178,BIS,DEN
2039,DEN,BIS
1532,ABQ,DRO
2790,COS,MEM
471,FMN,DRO
1516,HDN,CPR
2906,MEM,COS
2939,DEN,RNO
1194,DEN,HDN
2159,DEN,OMA
1601,DEN,RAP
2084,ABQ,DEN
4532,ATL,DEN
3294,BUR,DEN
4319,CVG,DEN
1801,DEN,ABQ
2726,DEN,DFW
3533,DEN,FAT
2748,DEN,PHX
2242,FSD,DEN
2622,MCI,DEN
3596,MFR,DEN
3623,SBP,DEN
3002,SFO,ASE
2362,BOI,DEN
2586,DEN,BOI
1900,DEN,JAC
2106,OKC,DEN
2267,OKC,DEN
5553,PHL,DEN
2297,PHX,DEN
3378,SFO,DEN
5079,CHS,DEN
2477,DEN,BOI
4135,DEN,CHS
4071,DTW,DEN
3697,SDF,DEN
2294,TUS,DEN
4331,CMH,DEN
2505,MAF,DEN
3820,DEN,TYS
4108,TYS,DEN
3682,IAH,MTJ
3358,MTJ,IAH
3959,CVG,DEN
3665,DEN,CVG
2605,DEN,SGF
1896,ICT,DEN
3528,BUR,DEN
3945,DEN,SBP
3793,IAH,ASE
2797,TUL,DEN
2464,BOI,DEN
3137,DEN,AUS
2883,DEN,AUS
2556,DEN,DFW
5314,DEN,FLL
1835,DEN,ICT
10354,DEN,KOA
10426,DEN,OGG
4942,DEN,TPA
6149,FLL,DEN
1979,ICT,DEN
2021,JAC,DEN
9492,KOA,DEN
9395,OGG,DEN
2309,TUL,DEN
2416,BOI,DEN
4580,DEN,JAX
5175,JAX,DEN
2947,ONT,DEN
3388,SJC,DEN
3153,AUS,DEN
2363,DEN,MAF
4219,SDF,DEN
2362,TUL,DEN
2096,DEN,FSD
2556,FSD,DEN
1796,CPR,HDN
3134,COS,IAH
1986,DEN,CEZ
4439,CVG,DEN
4249,DEN,MFR
3135,PSP,DEN
6766,BOS,DEN
5458,CLT,DEN
4310,DEN,ATL
2817,DEN,BOI
4688,DEN,CLT
3973,DEN,SFO
3264,DFW,DEN
3109,MSP,DEN
3344,SMF,DEN
2923,DAL,DEN
3262,SMF,DEN
2361,DEN,OKC
2104,DEN,SLC
3005,DEN,STL
2737,LAS,COS
2151,SLC,DEN
3528,STL,DEN
1612,DRO,ABQ
3899,MEM,DEN
2398,OKC,DEN
3759,ASE,IAH
4531,BNA,DEN
4181,DEN,BHM
2454,DEN,FSD
3391,DEN,PSP
3422,DEN,SHV
2957,DSM,DEN
2930,ISN,DEN
2646,OMA,DEN
3823,SHV,DEN
2323,DEN,TUL
2656,PHX,DEN
3742,SJC,DEN
3451,AUS,DEN
5018,DEN,PHL
4699,DEN,PIT
6369,FLL,DEN
3176,GEG,DEN
2971,COS,LAS
3674,DEN,IND
2890,DEN,LAS
4297,IND,DEN
2894,LAS,DEN
1609,DRO,ABQ
2839,DEN,MSP
3177,MSP,DEN
2518,DEN,MCI
1556,DEN,MTJ
1574,MTJ,DEN
1458,ABQ,ALS
1412,ALS,ABQ
2085,CEZ,DEN
2763,DEN,MCI
3388,DEN,MSO
2465,OMA,DEN
4640,BNA,DEN
4266,DEN,BNA
2929,DEN,ISN
2233,DEN,LNK
2633,DEN,OMA
3914,LAX,COS
5432,DEN,BWI
2905,DEN,PHX
3174,DEN,SAT
3951,DEN,SMF
2715,PHX,DEN
3566,SAT,DEN
6471,ALB,DEN
6626,BDL,DEN
7495,BOS,DEN
4352,DEN,DTW
3219,RNO,DEN
1191,COS,DEN
3439,DEN,AUS
3781,DEN,MEM
5020,DEN,PHL
2972,DEN,PHX
3313,EGE,DFW
4003,LAX,DEN
7068,MIA,DEN
2823,PHX,DEN
4696,DEN,DTW
2669,DEN,OKC
3126,MSO,DEN
4913,BHM,DEN
4492,COS,ORD
2252,DEN,LNK
2482,LNK,DEN
3481,AUS,DEN
6544,DCA,DEN
5217,DEN,DCA
4730,DEN,PIT
5331,DEN,RDU
3447,DEN,SAT
4228,PDX,DEN
6339,RDU,DEN
3960,SAT,DEN
4530,DEN,DTW
6147,DEN,FLL
6966,FLL,DEN
4161,IAH,DEN
3165,MTJ,DFW
2936,DEN,FAR
4293,COS,ORD
4768,DEN,LAX
6998,DEN,MIA
3568,DFW,EGE
3287,ASE,DFW
2490,DEN,ICT
3775,DFW,ASE
5065,DEN,ATL
3786,DEN,GEG
4168,DEN,LAX
3147,DEN,PHX
4864,DEN,SFO
3836,LAX,DEN
4072,DEN,GRR
4131,DEN,IND
7550,EWR,DEN
4633,GRR,DEN
5151,BHM,DEN
5792,ATL,DEN
4723,DEN,CMH
4647,DEN,PDX
3930,DEN,SAN
6787,IAD,DEN
4024,SAN,DEN
3961,DEN,IAH
4108,DEN,LAX
3972,DEN,SAN
3738,DFW,DEN
5088,DTW,DEN
3919,LAX,DEN
3573,MSP,DEN
3927,SAN,DEN
3662,DFW,MTJ
2557,MTJ,PHX
2455,PHX,MTJ
5593,DEN,SEA
4860,SEA,DEN
2350,COD,DEN
2286,DEN,COD
3266,DEN,PHX
3185,PHX,DEN
5368,ATL,COS
4653,COS,ATL
5309,DTW,DEN
1508,DEN,EGE
1635,EGE,DEN
2938,BZN,DEN
4063,COS,IAH
3688,DEN,BOI
3705,DEN,BOI
4205,DEN,FAT
3347,DEN,HLN
3246,HLN,DEN
4303,IAH,COS
3148,JMS,DEN
12598,DEN,HNL
3800,GEG,DEN
11691,HNL,DEN
4260,IAH,DEN
2820,ICT,DEN
4779,IND,DEN
4553,SEA,DEN
6067,DEN,ALB
4374,DEN,SMF
7565,PHL,DEN
6491,TPA,DEN
4624,DEN,BNA
4162,AUS,DEN
5787,CLE,DEN
6232,CLT,DEN
5675,CMH,DEN
6180,COS,MCO
3028,COS,PHX
5404,DEN,ATL
5250,DEN,ATL
3878,DEN,AUS
5128,DEN,CLE
5439,DEN,CLT
3491,DEN,DFW
5717,DEN,IAD
3450,DEN,LAS
6810,DEN,LGA
4050,DEN,MEM
6681,DEN,MIA
4667,DEN,MSY
2729,DEN,OMA
4752,DEN,PDX
6191,DEN,PHL
6208,DEN,PHL
5341,DEN,PIT
4033,DEN,SAN
5069,DEN,SEA
2552,DEN,SLC
3564,DEN,STL
6227,DEN,TPA
3817,DFW,DEN
3416,LAS,DEN
7391,LGA,DEN
6637,MCO,COS
4541,MEM,DEN
7752,MIA,DEN
5112,MSY,DEN
3092,OMA,DEN
4553,PDX,DEN
7638,PHL,DEN
7504,PHL,DEN
3001,PHX,COS
6090,PIT,DEN
4209,SAN,DEN
4603,SEA,DEN
2672,SLC,DEN
4169,STL,DEN
6733,TPA,DEN
3221,DEN,DFW
4365,DEN,LAX
3487,DEN,MSP
4203,LAX,DEN
5155,DEN,SEA
4477,SEA,DEN
4599,DEN,HSV
5021,HSV,DEN
7604,PHL,DEN
2886,BIL,DEN
2997,DEN,BIL
3340,DEN,BZN
4913,DEN,SBA
2903,ICT,DEN
5148,ORD,COS
4532,SBA,DEN
2329,DEN,ICT
6900,DEN,LGA
6569,DEN,MCO
3376,DEN,PHX
3153,PHX,DEN
4110,SMF,DEN
4862,DEN,DTW
6215,ATL,DEN
4198,DEN,SAN
2588,DEN,SLC
4610,SAN,DEN
2633,SLC,DEN
4817,DEN,SDF
5268,SDF,DEN
4421,DEN,SDF
6998,DEN,JFK
8730,JFK,DEN
3343,DEN,SLC
3023,SLC,DEN
4383,AUS,DEN
5275,DEN,CVG
8321,BOS,DEN
6065,CLE,DEN
4399,DEN,SNA
4041,DEN,AUS
7284,DEN,BOS
3486,DEN,DAL
4053,ONT,DEN
8048,PHL,DEN
3774,RNO,DEN
5091,DEN,BHM
4425,DEN,MKE
5007,MKE,DEN
4935,SDF,DEN
3039,DEN,FSD
4792,LAX,COS
6306,ATL,DEN
3104,OMA,DEN
5598,DEN,ATL
4849,MKE,DEN
3470,TUS,DEN
5324,IND,DEN
3036,DEN,MCI
3548,MCI,DEN
4790,MEM,DEN
4078,DEN,LIT
3811,FAR,DEN
3852,DEN,DFW
4141,TUS,DEN
4440,DEN,MKE
4709,DEN,ORD
4298,DFW,DEN
7572,DEN,FLL
6357,DTW,DEN
2594,DEN,LNK
5559,DEN,DTW
2439,DEN,RAP
6186,GRR,DEN
3730,DEN,DFW
4028,DEN,DFW
8453,LGA,DEN
4981,MKE,DEN
4823,SAN,DEN
4599,SNA,DEN
4983,DEN,BNA
7091,DEN,PHL
6138,DTW,DEN
4302,GEG,DEN
7682,IAD,DEN
4898,PDX,DEN
5764,DEN,DTW
4926,DEN,IND
5298,IND,DEN
2701,ABQ,DEN
2755,DEN,ABQ
3577,DEN,ELP
6050,DEN,ATL
6388,DAY,DEN
5408,COS,ORD
3682,DEN,MAF
3616,FSD,DEN
4208,XNA,DEN
5772,DEN,CLE
9160,EWR,DEN
5435,DEN,SFO
4877,COS,IAH
4225,ELP,DEN
5626,SDF,DEN
6940,ATL,DEN
8209,DEN,JFK
9777,JFK,DEN
2512,RAP,DEN
4034,MAF,DEN
8392,BWI,DEN
4055,DEN,DFW
5059,DEN,GRR
7800,DEN,MCO
3006,DEN,OMA
9412,EWR,DEN
5603,ORD,DEN
3676,BOI,DEN
5656,DEN,CMH
7631,DEN,MCO
7428,DEN,TPA
8330,MCO,DEN
5210,MLI,DEN
3862,BIS,DEN
3745,DEN,BIS
5541,SFO,DEN
8039,DEN,LGA
5041,DEN,RNO
6008,DEN,SEA
3652,LNK,DEN
6025,DEN,PDX
5355,SEA,DEN
4142,DEN,BOI
4302,DSM,DEN
3658,DEN,DSM
5546,LAX,DEN
4713,TUS,DEN
3470,DEN,RIW
5131,DEN,SAN
4704,BOI,DEN
2945,RAP,DEN
5363,SAN,DEN
5008,CID,DEN
4365,DEN,CID
3375,DEN,JAC
6226,DEN,LAX
4882,DFW,DEN
4798,FCA,DEN
4203,LAS,DEN
5316,STL,DEN
3414,RIW,DEN
3091,SLC,DEN
6505,DEN,BUR
4054,DEN,OKC
3055,DEN,RAP
3834,DEN,SLC
4417,OKC,DEN
5368,DEN,FCA
6045,DEN,SMF
9261,BWI,DEN
6279,SEA,DEN
7447,DEN,SEA
3363,DEN,SLC
6219,DEN,MEM
3442,JAC,DEN
9454,RDU,DEN
6821,SEA,DEN
7608,DEN,ATL
7151,DEN,DTW
9142,DEN,MCO
5891,DEN,SAN
5276,MSP,DEN
5769,DEN,MKE
5738,DEN,SAN
5606,DEN,STL
5438,SGF,DEN
8760,DEN,RDU
6771,DEN,ORD
7721,ORD,DEN
4779,DEN,DSM
7436,DEN,SJC
6976,SJC,DEN
10944,DEN,BOS
6872,DEN,ORD
8211,DTW,DEN
6514,MSN,DEN
6332,STL,DEN
3677,FMN,DEN
12167,LGA,DEN
5615,MSO,DEN
6448,RDM,DEN
10449,DEN,EWR
5499,DEN,MSN
9824,DEN,PHL
11607,EWR,DEN
10626,MCO,DEN
6679,DEN,LAX
5994,LAX,DEN
6835,DEN,IND
3813,DEN,FMN
10832,DEN,JFK
8314,DTW,DEN
13164,JFK,DEN
4841,DEN,TUL
8905,CLE,DEN
10709,DEN,EWR
9288,PIT,DEN
7921,DEN,DTW
10779,DEN,LGA
6122,DEN,AUS
4206,DEN,JAC
4283,JAC,DEN
7125,BFL,DEN
6114,DEN,MSO
7919,DEN,RDM
11230,MCO,DEN
7262,PDX,DEN
11826,EWR,DEN
7055,IAH,COS
3624,DEN,PIR
3300,DEN,DRO
3402,DRO,DEN
8273,ORD,ASE
15042,ANC,DEN
6822,OAK,DEN
3903,PIR,DEN
8101,ASE,ORD
4596,SLC,DEN
7290,SMF,DEN
11613,IAD,DEN
4423,DEN,SLN
4991,SLN,DEN
3389,DEN,HYS
5510,DEN,JMS
2321,DEN,LAR
5633,DEN,SGF
3696,HYS,DEN
5687,DEN,LAS
7254,SAN,DEN
8380,BNA,DEN
5024,TUL,DEN
4852,DEN,DIK
4873,DIK,DEN
2986,AIA,DEN
3581,CDR,DEN
4148,CEZ,DEN
3084,DEN,AIA
3414,DEN,CDR
3462,DEN,MCK
4029,DEN,VEL
3819,MCK,DEN
3657,VEL,DEN
7895,DEN,DAY
2546,LAR,DEN
7491,LIT,DEN
17289,DEN,ANC
2158,DEN,COS
4057,AMA,DEN
3858,DEN,AMA
8810,COS,LAX
8738,DEN,SMF
8187,DEN,PDX
7927,IAH,DEN
10515,ATL,DEN
7213,DEN,GEG
7714,DEN,MSY
5787,DEN,PHX
5794,PHX,DEN
4226,DEN,CEZ
9443,DEN,ATL
3317,DEN,MTJ
3262,MTJ,DEN
5967,DEN,MOT
5968,MOT,DEN
7175,DEN,RNO
7452,LAX,DEN
6551,RNO,DEN
11797,RDU,DEN
10956,ATL,DEN
8538,DEN,BFL
4005,DEN,GCC
7122,DEN,LIT
3620,DEN,RKS
4176,GCC,DEN
9153,ORD,COS
3459,RKS,DEN
5250,SLC,COS
4969,BZN,DEN
5301,DEN,BZN
7981,DEN,LAX
6043,LAS,DEN
7646,DEN,ONT
10422,DEN,RDU
11045,DEN,TPA
8756,MSY,DEN
7650,DEN,SNA
7291,SNA,DEN
4908,DEN,LBB
4928,LBB,DEN
6721,MSO,DEN
4650,CNY,DEN
4967,DEN,CNY
6026,COS,SLC
8034,DEN,IAH
13473,DEN,BOS
5925,DEN,TUS
7435,MSP,DEN
8131,DEN,ORD
3628,CPR,DEN
7318,DEN,MSO
15159,BOS,DEN
13214,DEN,BOS
4901,DEN,SLC
4712,SLC,DEN
6287,MCI,DEN
2586,DEN,COS
5074,DEN,SLC
7001,LAX,ASE
5026,SLC,DEN
8997,DEN,PDX
6236,LAS,DEN
6494,DEN,STL
5056,DEN,TUL
6539,DEN,MSP
3783,DEN,CPR
7145,DEN,STL
13841,DEN,MIA
14806,PHL,DEN
8107,PSC,DEN
5847,SGU,DEN
5161,BIL,DEN
5016,DEN,BIL
9564,ORD,DEN
10453,CVG,DEN
8328,DEN,IAH
12421,DEN,MCO
8465,IAH,DEN
8505,LAX,DEN
6297,DEN,LAS
9123,ORD,DEN
6304,DEN,ISN
6493,ISN,DEN
6931,DEN,PHX
15395,MIA,DEN
6345,PHX,DEN
7735,ASE,LAX
6413,DEN,ELP
9183,DEN,PSC
6267,DEN,SGU
5173,DRO,PHX
6731,ELP,DEN
6407,GJT,PHX
4705,PHX,DRO
5353,PHX,GJT
15537,BOS,DEN
6760,DEN,LAS
9390,DEN,CVG
6778,DEN,LAS
9072,DEN,LAX
9752,DEN,SFO
6533,LAS,DEN
14070,MCO,DEN
9190,SFO,DEN
6427,LAS,DEN
4094,DEN,SAF
4570,SAF,DEN
13170,DEN,PHL
10942,CMH,DEN
9232,DEN,OAK
10544,DEN,SEA
8358,STL,DEN
16688,BOS,DEN
3655,DEN,CPR
7457,DEN,TUS
3752,CPR,DEN
13603,TPA,DEN
4094,GJT,DEN
16624,LGA,DEN
3952,DEN,GJT
14802,DEN,EWR
7755,DEN,GTF
7147,GTF,DEN
12592,DEN,IAD
9333,PDX,DEN
9714,IAH,DEN
6516,PHX,DEN
9747,DEN,FAT
4257,DEN,GJT
4407,GJT,DEN
10714,DEN,SFO
7644,DEN,MSP
10235,SFO,DEN
14862,DEN,EWR
7271,DEN,PHX
9140,DEN,MKE
16654,DEN,BOS
5151,DEN,RAP
7135,BIS,DEN
10274,HOU,DEN
9541,SAN,DEN
7151,DEN,BIS
10998,DEN,OAK
6720,OKC,DEN
6650,SLC,DEN
14007,DEN,IAD
5668,RAP,DEN
6594,DEN,OKC
12007,DEN,PDX
9672,SAT,DEN
12726,DEN,SEA
9083,FAR,DEN
16800,DEN,LGA
4958,ALS,DEN
3589,DEN,PUB
3539,PUB,DEN
4687,DEN,ALS
11376,PDX,DEN
11383,MKE,DEN
5485,ABQ,DEN
12031,SEA,DEN
10623,DEN,IAH
10578,SNA,DEN
13505,DEN,SEA
10666,DEN,SNA
11873,DEN,LAX
18690,DCA,DEN
20267,LGA,DEN
11779,SFO,DEN
11295,ORD,DEN
9144,DEN,FAR
12797,DEN,SFO
16036,DEN,DCA
10528,DEN,HOU
11205,DEN,ORD
9649,DEN,SAT
18108,DEN,LGA
11074,LAX,DEN
18847,IAD,DEN
5645,DEN,ABQ
11467,DEN,BUR
11120,DEN,IND
10553,BUR,DEN
20187,LGA,DEN
6689,DEN,OMA
7622,OMA,DEN
11232,DEN,HOU
16477,DEN,BWI
15822,ATL,DEN
7503,SLC,DEN
18739,DEN,EWR
5188,GJT,SLC
9653,DEN,STL
5406,SLC,GJT
19567,MCO,DEN
13094,DEN,SFO
12038,SFO,DEN
17925,DEN,MCO
13740,BNA,DEN
8273,IDA,DEN
12352,SJC,DEN
14129,DEN,LAX
8981,DEN,IDA
17204,DEN,BWI
11678,DFW,GJT
10060,DRO,DFW
10913,GJT,DFW
12691,LAX,DEN
9912,DFW,DRO
12669,OAK,DEN
4135,COS,DEN
14279,SEA,DEN
13588,DEN,ORD
14146,ORD,DEN
14537,SEA,DEN
13195,HOU,DEN
13881,DEN,BNA
15156,DEN,SFO
16717,DEN,ATL
16347,SEA,DEN
26047,EWR,DEN
18472,DEN,SEA
14095,FAT,DEN
16236,DEN,SFO
13160,STL,DEN
15780,IND,DEN
17901,DEN,SEA
13647,SAN,DEN
12506,DEN,AUS
16181,DEN,SJC
10150,DEN,SLC
13633,AUS,DEN
7719,DRO,DEN
7573,DEN,DRO
16729,DEN,SMF
16618,MDW,DEN
17179,SFO,DEN
15589,SMF,DEN
12594,COS,DFW
13118,DFW,COS
15950,DEN,MDW
17821,SFO,DEN
28980,BWI,DEN
5910,COS,DEN
18290,IAH,DEN
14141,DEN,MSP
17658,DEN,SAN
15405,MSP,DEN
6039,DEN,COS
30778,IAD,DEN
19658,LAX,DEN
20777,DEN,LAX
19026,DEN,SNA
18061,SNA,DEN
26305,ATL,DEN
11740,DEN,SLC
18938,DEN,MDW
24814,DEN,ATL
27707,DEN,IAD
16468,DEN,MSP
18583,MSP,DEN
22252,MDW,DEN
16417,DEN,DAL
12106,SLC,DEN
18506,DAL,DEN
22301,DEN,IAH
22444,LAX,DEN
24701,DEN,LAX
8963,ASE,DEN
8558,DEN,ASE
18044,MCI,DEN
37846,CLT,DEN
33712,DEN,CLT
16515,DEN,MCI
21967,DEN,PHX
20668,PHX,DEN
22073,LAS,DEN
32847,ORD,DEN
26311,DEN,DFW
32562,DEN,ORD
27096,DEN,LAS
31553,DFW,DEN