airport_abr,airport_id,state,city
DEN,11292,Colorado,"Denver, CO"
COS,11109,Colorado,"Colorado Springs, CO"
OKC,13851,Oklahoma,"Oklahoma City, OK"
BFF,10558,Nebraska,"Scottsbluff, NE"
DDC,11283,Kansas,"Dodge City, KS"
EAR,11468,Nebraska,"Kearney, NE"
LBF,12899,Nebraska,"North Platte, NE"
LBL,12902,Kansas,"Liberal, KS"
APA,10325,Colorado,"Denver, CO"
PGA,14081,Arizona,"Page, AZ"
FMN,11711,New Mexico,"Farmington, NM"
SFO,14771,California,"San Francisco, CA"
DIK,11315,North Dakota,"Dickinson, ND"
ISN,12389,North Dakota,"Williston, ND"
STL,15016,Missouri,"St. Louis, MO"
EGE,11503,Colorado,"Eagle, CO"
GSP,11996,South Carolina,"Greer, SC"
VCV,15570,California,"Victorville, CA"
BUR,10800,California,"Burbank, CA"
ASE,10372,Colorado,"Aspen, CO"
PHX,14107,Arizona,"Phoenix, AZ"
ATL,10397,Georgia,"Atlanta, GA"
DFW,11298,Texas,"Dallas/Fort Worth, TX"
CVG,11193,Kentucky,"Cincinnati, OH"
DTW,11433,Michigan,"Detroit, MI"
FSD,11775,South Dakota,"Sioux Falls, SD"
LAS,12889,Nevada,"Las Vegas, NV"
SAN,14679,California,"San Diego, CA"
SLC,14869,Utah,"Salt Lake City, UT"
YIP,16091,Michigan,"Detroit, MI"
CLE,11042,Ohio,"Cleveland, OH"
JAN,12448,Mississippi,"Jackson/Vicksburg, MS"
LAX,12892,California,"Los Angeles, CA"
MIA,13303,Florida,"Miami, FL"
RIC,14524,Virginia,"Richmond, VA"
BUF,10792,New York,"Buffalo, NY"
CRP,11140,Texas,"Corpus Christi, TX"
ECP,11481,Florida,"Panama City, FL"
GPT,11973,Mississippi,"Gulfport/Biloxi, MS"
LBB,12896,Texas,"Lubbock, TX"
LIT,12992,Arkansas,"Little Rock, AR"
AUS,10423,Texas,"Austin, TX"
ORD,13930,Illinois,"Chicago, IL"
SJC,14831,California,"San Jose, CA"
OAK,13796,California,"Oakland, CA"
PTK,14275,Michigan,"Pontiac, MI"
GJT,11921,Colorado,"Grand Junction, CO"
ENV,11563,Utah,"Wendover, UT"
MKE,13342,Wisconsin,"Milwaukee, WI"
IFP,10590,Arizona,"Bullhead City, AZ"
FNL,11719,Colorado,"Fort Collins/Loveland, CO"
MTJ,13502,Colorado,"Montrose/Delta, CO"
PUB,14288,Colorado,"Pueblo, CO"
DRO,11413,Colorado,"Durango, CO"
SLN,14877,Kansas,"Salina, KS"
GUC,12012,Colorado,"Gunnison, CO"
BFI,10559,Washington,"Seattle, WA"
SDF,14730,Kentucky,"Louisville, KY"
ATY,10409,South Dakota,"Watertown, SD"
ICT,12278,Kansas,"Wichita, KS"
BOS,10721,Massachusetts,"Boston, MA"
MSP,13487,Minnesota,"Minneapolis, MN"
TUL,15370,Oklahoma,"Tulsa, OK"
MSO,13486,Montana,"Missoula, MT"
TUS,15376,Arizona,"Tucson, AZ"
ABQ,10140,New Mexico,"Albuquerque, NM"
CID,11003,Iowa,"Cedar Rapids/Iowa City, IA"
COD,11097,Wyoming,"Cody, WY"
CPR,11122,Wyoming,"Casper, WY"
GRR,11986,Michigan,"Grand Rapids, MI"
IAH,12266,Texas,"Houston, TX"
JAC,12441,Wyoming,"Jackson, WY"
MFR,13264,Oregon,"Medford, OR"
OMA,13871,Nebraska,"Omaha, NE"
RDM,14489,Oregon,"Bend/Redmond, OR"
SNA,14908,California,"Santa Ana, CA"
SUN,15041,Idaho,"Sun Valley/Hailey/Ketchum, ID"
BIL,10620,Montana,"Billings, MT"
BZN,10849,Montana,"Bozeman, MT"
FLL,11697,Florida,"Fort Lauderdale, FL"
IAD,12264,Virginia,"Washington, DC"
MCI,13198,Missouri,"Kansas City, MO"
MCO,13204,Florida,"Orlando, FL"
PHL,14100,Pennsylvania,"Philadelphia, PA"
PSP,14262,California,"Palm Springs, CA"
RNO,14570,Nevada,"Reno, NV"
BOI,10713,Idaho,"Boise, ID"
PDX,14057,Oregon,"Portland, OR"
RSW,14635,Florida,"Fort Myers, FL"
DSM,11423,Iowa,"Des Moines, IA"
CMH,11066,Ohio,"Columbus, OH"
IND,12339,Indiana,"Indianapolis, IN"
TYS,15412,Tennessee,"Knoxville, TN"
MSY,13495,Louisiana,"New Orleans, LA"
LAW,12891,Oklahoma,"Lawton/Fort Sill, OK"
GTF,12003,Montana,"Great Falls, MT"
SAT,14683,Texas,"San Antonio, TX"
DCA,11278,Virginia,"Washington, DC"
GEG,11884,Washington,"Spokane, WA"
RDU,14492,North Carolina,"Raleigh/Durham, NC"
SBA,14689,California,"Santa Barbara, CA"
TPA,15304,Florida,"Tampa, FL"
BWI,10821,Maryland,"Baltimore, MD"
CHS,10994,South Carolina,"Charleston, SC"
BHM,10599,Alabama,"Birmingham, AL"
MSN,13485,Wisconsin,"Madison, WI"
ELP,11540,Texas,"El Paso, TX"
SGF,14783,Missouri,"Springfield, MO"
SHV,14814,Louisiana,"Shreveport, LA"
AMA,10279,Texas,"Amarillo, TX"
DAY,11267,Ohio,"Dayton, OH"
ONT,13891,California,"Ontario, CA"
EWR,11618,New Jersey,"Newark, NJ"
LGB,12954,California,"Long Beach, CA"
ORF,13931,Virginia,"Norfolk, VA"
SEA,14747,Washington,"Seattle, WA"
SMF,14893,California,"Sacramento, CA"
BNA,10693,Tennessee,"Nashville, TN"
MEM,13244,Tennessee,"Memphis, TN"
XNA,15919,Arkansas,"Fayetteville, AR"
CLT,11057,North Carolina,"Charlotte, NC"
EUG,11603,Oregon,"Eugene, OR"
FCA,11648,Montana,"Kalispell, MT"
LIH,12982,Hawaii,"Lihue, HI"
CYS,11233,Wyoming,"Cheyenne, WY"
MOT,13433,North Dakota,"Minot, ND"
OTH,13964,Oregon,"North Bend/Coos Bay, OR"
JAX,12451,Florida,"Jacksonville, FL"
HDN,12094,Colorado,"Hayden, CO"
PIT,14122,Pennsylvania,"Pittsburgh, PA"
PNS,14193,Florida,"Pensacola, FL"
BDL,10529,Connecticut,"Hartford, CT"
LGA,12953,New York,"New York, NY"
HOU,12191,Texas,"Houston, TX"
AZA,10466,Arizona,"Phoenix, AZ"
BKG,10643,Missouri,"Branson, MO"
TEX,15177,Colorado,"Telluride, CO"
CEZ,10950,Colorado,"Cortez, CO"
JFK,12478,New York,"New York, NY"
GSO,11995,North Carolina,"Greensboro/High Point, NC"
MLI,13367,Illinois,"Moline, IL"
FAT,11638,California,"Fresno, CA"
DAL,11259,Texas,"Dallas, TX"
AFW,10194,Texas,"Dallas/Fort Worth, TX"
BIS,10627,North Dakota,"Bismarck/Mandan, ND"
RAP,14457,South Dakota,"Rapid City, SD"
SBP,14698,California,"San Luis Obispo, CA"
KOA,12758,Hawaii,"Kona, HI"
OGG,13830,Hawaii,"Kahului, HI"
MAF,13158,Texas,"Midland/Odessa, TX"
ALS,10272,Colorado,"Alamosa, CO"
LNK,13029,Nebraska,"Lincoln, NE"
FAR,11637,North Dakota,"Fargo, ND"
HSV,12217,Alabama,"Huntsville, AL"
HLN,12156,Montana,"Helena, MT"
HNL,12173,Hawaii,"Honolulu, HI"
ALB,10257,New York,"Albany, NY"
RIW,14534,Wyoming,"Riverton/Lander, WY"
PIR,14120,South Dakota,"Pierre, SD"
AIA,10221,Nebraska,"Alliance, NE"
CDR,10925,Nebraska,"Chadron, NE"
MCK,13200,Nebraska,"McCook, NE"
VEL,15582,Utah,"Vernal, UT"
HYS,12255,Kansas,"Hays, KS"
JMS,12519,North Dakota,"Jamestown, ND"
LAR,12888,Wyoming,"Laramie, WY"
ANC,10299,Alaska,"Anchorage, AK"
CNY,11092,Utah,"Moab, UT"
BFL,10561,California,"Bakersfield, CA"
GCC,11865,Wyoming,"Gillette, WY"
RKS,14543,Wyoming,"Rock Springs, WY"
SAF,14674,New Mexico,"Santa Fe, NM"
PSC,14252,Washington,"Pasco/Kennewick/Richland, WA"
SGU,14794,Utah,"St. George, UT"
IDA,12280,Idaho,"Idaho Falls, ID"
MDW,13232,Illinois,"Chicago, IL"
USA,12544,North Carolina,"CONCORD, NC"
MKC,13341,Missouri,"Kansas City, MO"
SGR,14792,Texas,"Sugar Land, TX"
BRO,10747,Texas,"Brownsville, TX"
ROC,14576,New York,"Rochester, NY"
DPA,11376,Illinois,"Chicago, IL"
GAD,11840,Alabama,"Gadsden, AL"
RFD,14512,Illinois,"Rockford, IL"
DVL,11447,North Dakota,"Devils Lake, ND"