city,state,abri
Denver,Colorado,CO
San Francisco,California,CA
Dickinson,North Dakota,ND
Williston,North Dakota,ND
St. Louis,Missouri,MO
Eagle,Colorado,CO
Greer,South Carolina,SC
Victorville,California,CA
Colorado Springs,Colorado,CO
Burbank,California,CA
Aspen,Colorado,CO
Phoenix,Arizona,AZ
Atlanta,Georgia,GA
Dallas/Fort Worth,Texas,TX
Cincinnati,Kentucky,KY
Detroit,Michigan,MI
Sioux Falls,South Dakota,SD
Las Vegas,Nevada,NV
San Diego,California,CA
Salt Lake City,Utah,UT
Cleveland,Ohio,OH
Jackson/Vicksburg,Mississippi,MS
Los Angeles,California,CA
Miami,Florida,FL
Richmond,Virginia,VA
Buffalo,New York,NY
Corpus Christi,Texas,TX
Panama City,Florida,FL
Gulfport/Biloxi,Mississippi,MS
Lubbock,Texas,TX
Little Rock,Arkansas,AR
Austin,Texas,TX
Chicago,Illinois,IL
San Jose,California,CA
Oakland,California,CA
Pontiac,Michigan,MI
Grand Junction,Colorado,CO
Wendover,Utah,UT
Milwaukee,Wisconsin,WI
Bullhead City,Arizona,AZ
Fort Collins/Loveland,Colorado,CO
Montrose/Delta,Colorado,CO
Pueblo,Colorado,CO
Oklahoma City,Oklahoma,OK
Scottsbluff,Nebraska,NE
Dodge City,Kansas,KS
Kearney,Nebraska,NE
North Platte,Nebraska,NE
Liberal,Kansas,KS
Page,Arizona,AZ
Farmington,New Mexico,NM
Watertown,South Dakota,SD
Wichita,Kansas,KS
Boston,Massachusetts,MA
Minneapolis,Minnesota,MN
Tulsa,Oklahoma,OK
Missoula,Montana,MT
Tucson,Arizona,AZ
Albuquerque,New Mexico,NM
Cedar Rapids/Iowa City,Iowa,IA
Cody,Wyoming,WY
Casper,Wyoming,WY
Grand Rapids,Michigan,MI
Houston,Texas,TX
Jackson,Wyoming,WY
Medford,Oregon,OR
Omaha,Nebraska,NE
Bend/Redmond,Oregon,OR
Louisville,Kentucky,KY
Santa Ana,California,CA
Sun Valley/Hailey/Ketchum,Idaho,ID
Billings,Montana,MT
Bozeman,Montana,MT
Fort Lauderdale,Florida,FL
Washington,Virginia,VA
Kansas City,Missouri,MO
Orlando,Florida,FL
Philadelphia,Pennsylvania,PA
Palm Springs,California,CA
Reno,Nevada,NV
Boise,Idaho,ID
Portland,Oregon,OR
Fort Myers,Florida,FL
Des Moines,Iowa,IA
Columbus,Ohio,OH
Indianapolis,Indiana,IN
Knoxville,Tennessee,TN
New Orleans,Louisiana,LA
Lawton/Fort Sill,Oklahoma,OK
Durango,Colorado,CO
Salina,Kansas,KS
Gunnison,Colorado,CO
Seattle,Washington,WA
Great Falls,Montana,MT
San Antonio,Texas,TX
Spokane,Washington,WA
Raleigh/Durham,North Carolina,NC
Santa Barbara,California,CA
Tampa,Florida,FL
Baltimore,Maryland,MD
Charleston,South Carolina,SC
Birmingham,Alabama,AL
Madison,Wisconsin,WI
El Paso,Texas,TX
Amarillo,Texas,TX
Dayton,Ohio,OH
Ontario,California,CA
Newark,New Jersey,NJ
Long Beach,California,CA
Norfolk,Virginia,VA
Sacramento,California,CA
Nashville,Tennessee,TN
Memphis,Tennessee,TN
Fayetteville,Arkansas,AR
Springfield,Missouri,MO
Shreveport,Louisiana,LA
Charlotte,North Carolina,NC
Eugene,Oregon,OR
Kalispell,Montana,MT
Lihue,Hawaii,HI
Minot,North Dakota,ND
Cheyenne,Wyoming,WY
North Bend/Coos Bay,Oregon,OR
Jacksonville,Florida,FL
Pittsburgh,Pennsylvania,PA
Pensacola,Florida,FL
Hayden,Colorado,CO
Hartford,Connecticut,CT
New York,New York,NY
Branson,Missouri,MO
Telluride,Colorado,CO
Cortez,Colorado,CO
Greensboro/High Point,North Carolina,NC
Moline,Illinois,IL
Fresno,California,CA
Dallas,Texas,TX
Bismarck/Mandan,North Dakota,ND
Rapid City,South Dakota,SD
San Luis Obispo,California,CA
Kona,Hawaii,HI
Kahului,Hawaii,HI
Midland/Odessa,Texas,TX
Alamosa,Colorado,CO
Lincoln,Nebraska,NE
Fargo,North Dakota,ND
Helena,Montana,MT
Honolulu,Hawaii,HI
Albany,New York,NY
Huntsville,Alabama,AL
Riverton/Lander,Wyoming,WY
Pierre,South Dakota,SD
Hays,Kansas,KS
Jamestown,North Dakota,ND
Laramie,Wyoming,WY
Alliance,Nebraska,NE
Chadron,Nebraska,NE
McCook,Nebraska,NE
Vernal,Utah,UT
Anchorage,Alaska,AK
Bakersfield,California,CA
Gillette,Wyoming,WY
Rock Springs,Wyoming,WY
Moab,Utah,UT
Pasco/Kennewick/Richland,Washington,WA
St. George,Utah,UT
Santa Fe,New Mexico,NM
Idaho Falls,Idaho,ID