dest_airport_id,dest_airport_sdq_id,dest_city_market_id,dest,dest_city_name,dest_state_abr,dest_state_fips,dest_state_nm,dest_wac
11292,1129202,30325,DEN,Denver,CO,8,Colorado,82
14771,1477102,32457,SFO,San Francisco,CA,6,California,91
10325,1032504,30325,APA,Denver,CO,8,Colorado,82
11315,1131502,31315,DIK,Dickinson,ND,38,North Dakota,66
12389,1238902,32389,ISN,Williston,ND,38,North Dakota,66
15016,1501603,31123,STL,St. Louis,MO,29,Missouri,64
11503,1150303,31503,EGE,Eagle,CO,8,Colorado,82
11996,1199603,31871,GSP,Greer,SC,45,South Carolina,37
15570,1557001,35570,VCV,Victorville,CA,6,California,91
11109,1110902,30189,COS,Colorado Springs,CO,8,Colorado,82
10800,1080003,32575,BUR,Burbank,CA,6,California,91
10372,1037203,30372,ASE,Aspen,CO,8,Colorado,82
14107,1410702,30466,PHX,Phoenix,AZ,4,Arizona,81
10397,1039705,30397,ATL,Atlanta,GA,13,Georgia,34
11298,1129804,30194,DFW,Dallas/Fort Worth,TX,48,Texas,74
11193,1119302,33105,CVG,Cincinnati,KY,21,Kentucky,52
11433,1143302,31295,DTW,Detroit,MI,26,Michigan,43
11775,1177502,31775,FSD,Sioux Falls,SD,46,South Dakota,67
12889,1288903,32211,LAS,Las Vegas,NV,32,Nevada,85
14679,1467903,33570,SAN,San Diego,CA,6,California,91
14869,1486903,34614,SLC,Salt Lake City,UT,49,Utah,87
16091,1609103,31295,YIP,Detroit,MI,26,Michigan,43
11042,1104203,30647,CLE,Cleveland,OH,39,Ohio,44
12448,1244805,32448,JAN,Jackson/Vicksburg,MS,28,Mississippi,53
12892,1289205,32575,LAX,Los Angeles,CA,6,California,91
13303,1330303,32467,MIA,Miami,FL,12,Florida,33
14524,1452401,34524,RIC,Richmond,VA,51,Virginia,38
10792,1079204,30792,BUF,Buffalo,NY,36,New York,22
11140,1114006,31140,CRP,Corpus Christi,TX,48,Texas,74
11481,1148102,31481,ECP,Panama City,FL,12,Florida,33
11973,1197302,31973,GPT,Gulfport/Biloxi,MS,28,Mississippi,53
12896,1289605,32896,LBB,Lubbock,TX,48,Texas,74
12992,1299204,32600,LIT,Little Rock,AR,5,Arkansas,71
10423,1042302,30423,AUS,Austin,TX,48,Texas,74
13930,1393004,30977,ORD,Chicago,IL,17,Illinois,41
14831,1483104,32457,SJC,San Jose,CA,6,California,91
13796,1379604,32457,OAK,Oakland,CA,6,California,91
14275,1427502,34275,PTK,Pontiac,MI,26,Michigan,43
11921,1192102,31921,GJT,Grand Junction,CO,8,Colorado,82
11563,1156303,31563,ENV,Wendover,UT,49,Utah,87
13342,1334205,33342,MKE,Milwaukee,WI,55,Wisconsin,45
10590,1059004,30590,IFP,Bullhead City,AZ,4,Arizona,81
11719,1171902,31719,FNL,Fort Collins/Loveland,CO,8,Colorado,82
13502,1350202,33502,MTJ,Montrose/Delta,CO,8,Colorado,82
14288,1428803,34288,PUB,Pueblo,CO,8,Colorado,82
13851,1385103,33851,OKC,Oklahoma City,OK,40,Oklahoma,73
10558,1055803,30558,BFF,Scottsbluff,NE,31,Nebraska,65
11283,1128302,31283,DDC,Dodge City,KS,20,Kansas,62
11468,1146802,31468,EAR,Kearney,NE,31,Nebraska,65
12899,1289902,32899,LBF,North Platte,NE,31,Nebraska,65
12902,1290203,32902,LBL,Liberal,KS,20,Kansas,62
14081,1408102,34081,PGA,Page,AZ,4,Arizona,81
11711,1171102,31711,FMN,Farmington,NM,35,New Mexico,86
10409,1040903,30409,ATY,Watertown,SD,46,South Dakota,67
12278,1227803,30928,ICT,Wichita,KS,20,Kansas,62
10721,1072102,30721,BOS,Boston,MA,25,Massachusetts,13
13487,1348702,31650,MSP,Minneapolis,MN,27,Minnesota,63
15370,1537002,34653,TUL,Tulsa,OK,40,Oklahoma,73
13486,1348602,33486,MSO,Missoula,MT,30,Montana,84
15376,1537602,30436,TUS,Tucson,AZ,4,Arizona,81
10140,1014003,30140,ABQ,Albuquerque,NM,35,New Mexico,86
11003,1100303,31003,CID,Cedar Rapids/Iowa City,IA,19,Iowa,61
11097,1109702,31097,COD,Cody,WY,56,Wyoming,88
11122,1112203,31122,CPR,Casper,WY,56,Wyoming,88
11986,1198603,31986,GRR,Grand Rapids,MI,26,Michigan,43
12266,1226603,31453,IAH,Houston,TX,48,Texas,74
12441,1244102,32441,JAC,Jackson,WY,56,Wyoming,88
13264,1326403,33264,MFR,Medford,OR,41,Oregon,92
13871,1387102,33316,OMA,Omaha,NE,31,Nebraska,65
14489,1448902,34489,RDM,Bend/Redmond,OR,41,Oregon,92
14730,1473003,33044,SDF,Louisville,KY,21,Kentucky,52
14908,1490803,32575,SNA,Santa Ana,CA,6,California,91
15041,1504102,35041,SUN,Sun Valley/Hailey/Ketchum,ID,16,Idaho,83
10620,1062002,30620,BIL,Billings,MT,30,Montana,84
10849,1084903,30849,BZN,Bozeman,MT,30,Montana,84
11697,1169704,32467,FLL,Fort Lauderdale,FL,12,Florida,33
12264,1226402,30852,IAD,Washington,VA,51,Virginia,38
13198,1319801,33198,MCI,Kansas City,MO,29,Missouri,64
13204,1320402,31454,MCO,Orlando,FL,12,Florida,33
14100,1410002,34100,PHL,Philadelphia,PA,42,Pennsylvania,23
14262,1426204,34262,PSP,Palm Springs,CA,6,California,91
14570,1457002,34570,RNO,Reno,NV,32,Nevada,85
10713,1071302,30713,BOI,Boise,ID,16,Idaho,83
14057,1405702,34057,PDX,Portland,OR,41,Oregon,92
14635,1463502,31714,RSW,Fort Myers,FL,12,Florida,33
11423,1142304,31423,DSM,Des Moines,IA,19,Iowa,61
11066,1106603,31066,CMH,Columbus,OH,39,Ohio,44
12339,1233904,32337,IND,Indianapolis,IN,18,Indiana,42
15412,1541203,35412,TYS,Knoxville,TN,47,Tennessee,54
13495,1349503,33495,MSY,New Orleans,LA,22,Louisiana,72
12891,1289102,32891,LAW,Lawton/Fort Sill,OK,40,Oklahoma,73
11413,1141304,30285,DRO,Durango,CO,8,Colorado,82
14877,1487704,34877,SLN,Salina,KS,20,Kansas,62
12012,1201203,32012,GUC,Gunnison,CO,8,Colorado,82
10559,1055902,30559,BFI,Seattle,WA,53,Washington,93
12003,1200302,31895,GTF,Great Falls,MT,30,Montana,84
14683,1468303,33214,SAT,San Antonio,TX,48,Texas,74
11278,1127803,30852,DCA,Washington,VA,51,Virginia,38
11884,1188402,31884,GEG,Spokane,WA,53,Washington,93
14492,1449202,34492,RDU,Raleigh/Durham,NC,37,North Carolina,36
14689,1468902,34689,SBA,Santa Barbara,CA,6,California,91
15304,1530402,33195,TPA,Tampa,FL,12,Florida,33
10821,1082104,30852,BWI,Baltimore,MD,24,Maryland,35
10994,1099402,30994,CHS,Charleston,SC,45,South Carolina,37
10599,1059904,30599,BHM,Birmingham,AL,1,Alabama,51
13485,1348502,33485,MSN,Madison,WI,55,Wisconsin,45
11540,1154003,30615,ELP,El Paso,TX,48,Texas,74
10279,1027903,30279,AMA,Amarillo,TX,48,Texas,74
11267,1126702,31267,DAY,Dayton,OH,39,Ohio,44
13891,1389101,32575,ONT,Ontario,CA,6,California,91
11618,1161802,31703,EWR,Newark,NJ,34,New Jersey,21
12954,1295403,32575,LGB,Long Beach,CA,6,California,91
13931,1393102,33667,ORF,Norfolk,VA,51,Virginia,38
14747,1474703,30559,SEA,Seattle,WA,53,Washington,93
14893,1489302,33192,SMF,Sacramento,CA,6,California,91
10693,1069302,30693,BNA,Nashville,TN,47,Tennessee,54
13244,1324402,33244,MEM,Memphis,TN,47,Tennessee,54
15919,1591902,31834,XNA,Fayetteville,AR,5,Arkansas,71
14783,1478302,34783,SGF,Springfield,MO,29,Missouri,64
14814,1481402,30476,SHV,Shreveport,LA,22,Louisiana,72
11057,1105703,31057,CLT,Charlotte,NC,37,North Carolina,36
11603,1160302,31603,EUG,Eugene,OR,41,Oregon,92
11648,1164802,31648,FCA,Kalispell,MT,30,Montana,84
12982,1298202,32982,LIH,Lihue,HI,15,Hawaii,2
13433,1343302,33304,MOT,Minot,ND,38,North Dakota,66
11233,1123302,31233,CYS,Cheyenne,WY,56,Wyoming,88
13964,1396403,33964,OTH,North Bend/Coos Bay,OR,41,Oregon,92
12451,1245102,31136,JAX,Jacksonville,FL,12,Florida,33
14122,1412202,30198,PIT,Pittsburgh,PA,42,Pennsylvania,23
14193,1419304,33728,PNS,Pensacola,FL,12,Florida,33
12094,1209402,34699,HDN,Hayden,CO,8,Colorado,82
10529,1052904,30529,BDL,Hartford,CT,9,Connecticut,11
12953,1295302,31703,LGA,New York,NY,36,New York,22
12191,1219102,31453,HOU,Houston,TX,48,Texas,74
10466,1046602,30466,AZA,Phoenix,AZ,4,Arizona,81
10643,1064301,30643,BKG,Branson,MO,29,Missouri,64
15177,1517702,35177,TEX,Telluride,CO,8,Colorado,82
10950,1095002,30950,CEZ,Cortez,CO,8,Colorado,82
12478,1247803,31703,JFK,New York,NY,36,New York,22
11995,1199502,31995,GSO,Greensboro/High Point,NC,37,North Carolina,36
13367,1336703,33367,MLI,Moline,IL,17,Illinois,41
11638,1163805,31638,FAT,Fresno,CA,6,California,91
11259,1125903,30194,DAL,Dallas,TX,48,Texas,74
10194,1019403,30194,AFW,Dallas/Fort Worth,TX,48,Texas,74
10627,1062702,30627,BIS,Bismarck/Mandan,ND,38,North Dakota,66
14457,1445702,34457,RAP,Rapid City,SD,46,South Dakota,67
14698,1469802,34236,SBP,San Luis Obispo,CA,6,California,91
12758,1275803,32758,KOA,Kona,HI,15,Hawaii,2
13830,1383002,33830,OGG,Kahului,HI,15,Hawaii,2
13158,1315803,33158,MAF,Midland/Odessa,TX,48,Texas,74
10272,1027203,30272,ALS,Alamosa,CO,8,Colorado,82
13029,1302902,33029,LNK,Lincoln,NE,31,Nebraska,65
11637,1163703,31637,FAR,Fargo,ND,38,North Dakota,66
12156,1215603,32156,HLN,Helena,MT,30,Montana,84
12173,1217302,32134,HNL,Honolulu,HI,15,Hawaii,2
10257,1025702,30257,ALB,Albany,NY,36,New York,22
12217,1221702,30255,HSV,Huntsville,AL,1,Alabama,51
14534,1453402,34534,RIW,Riverton/Lander,WY,56,Wyoming,88
14120,1412002,34120,PIR,Pierre,SD,46,South Dakota,67
12255,1225502,32255,HYS,Hays,KS,20,Kansas,62
12519,1251902,32519,JMS,Jamestown,ND,38,North Dakota,66
12888,1288802,32888,LAR,Laramie,WY,56,Wyoming,88
10221,1022103,30221,AIA,Alliance,NE,31,Nebraska,65
10925,1092502,30925,CDR,Chadron,NE,31,Nebraska,65
13200,1320002,33200,MCK,McCook,NE,31,Nebraska,65
15582,1558202,35582,VEL,Vernal,UT,49,Utah,87
10299,1029904,30299,ANC,Anchorage,AK,2,Alaska,1
10561,1056103,30561,BFL,Bakersfield,CA,6,California,91
11865,1186502,31865,GCC,Gillette,WY,56,Wyoming,88
14543,1454302,34543,RKS,Rock Springs,WY,56,Wyoming,88
11092,1109202,31092,CNY,Moab,UT,49,Utah,87
14252,1425202,34252,PSC,Pasco/Kennewick/Richland,WA,53,Washington,93
14794,1479403,34794,SGU,St. George,UT,49,Utah,87
14674,1467402,34674,SAF,Santa Fe,NM,35,New Mexico,86
12280,1228002,32280,IDA,Idaho Falls,ID,16,Idaho,83
13232,1323202,30977,MDW,Chicago,IL,17,Illinois,41